<?xml version="1.0" encoding="UTF-8"?>
<office:document-meta xmlns:office="urn:oasis:names:tc:opendocument:xmlns:office:1.0" xmlns:xlink="http://www.w3.org/1999/xlink" xmlns:dc="http://purl.org/dc/elements/1.1/" xmlns:meta="urn:oasis:names:tc:opendocument:xmlns:meta:1.0" xmlns:ooo="http://openoffice.org/2004/office" xmlns:grddl="http://www.w3.org/2003/g/data-view#" office:version="1.2"><office:meta><meta:creation-date>2014-12-06T17:18:23.514000000</meta:creation-date><dc:date>2014-12-06T17:19:43.537000000</dc:date><meta:editing-duration>PT1M20S</meta:editing-duration><meta:editing-cycles>1</meta:editing-cycles><meta:document-statistic meta:table-count="0" meta:image-count="0" meta:object-count="0" meta:page-count="1" meta:paragraph-count="1" meta:word-count="130" meta:character-count="870" meta:non-whitespace-character-count="740"/><meta:generator>LibreOffice/4.3.2.2$Windows_x86 LibreOffice_project/edfb5295ba211bd31ad47d0bad0118690f76407d</meta:generator></office:meta></office:document-meta>